{
  "id": "",
  "name": "",
  "font_family": "iconfont",
  "css_prefix_text": "icon-",
  "description": "",
  "glyphs": [
    {
      "icon_id": "45177",
      "name": "人参",
      "font_class": "rencan",
      "unicode": "e620",
      "unicode_decimal": 58912
    },
    {
      "icon_id": "85823",
      "name": "隐形眼镜",
      "font_class": "yinxingyanjing",
      "unicode": "e6bd",
      "unicode_decimal": 59069
    },
    {
      "icon_id": "823140",
      "name": "面膜 (1)",
      "font_class": "mianmo1",
      "unicode": "e6ac",
      "unicode_decimal": 59052
    },
    {
      "icon_id": "1185791",
      "name": "分类",
      "font_class": "fenlei",
      "unicode": "e600",
      "unicode_decimal": 58880
    },
    {
      "icon_id": "1360053",
      "name": "购物车 (1)",
      "font_class": "gouwuche",
      "unicode": "e69b",
      "unicode_decimal": 59035
    },
    {
      "icon_id": "8940016",
      "name": "菜单",
      "font_class": "caidan",
      "unicode": "e606",
      "unicode_decimal": 58886
    },
    {
      "icon_id": "10803318",
      "name": "中西药品",
      "font_class": "zhongxiyaopin",
      "unicode": "e8a7",
      "unicode_decimal": 59559
    },
    {
      "icon_id": "12848763",
      "name": "安全套、避孕套",
      "font_class": "anquantao",
      "unicode": "e61d",
      "unicode_decimal": 58909
    },
    {
      "icon_id": "13192610",
      "name": "儿科",
      "font_class": "erke",
      "unicode": "e6d0",
      "unicode_decimal": 59088
    }
  ]
}
